"rs_number","CHR","position","reference_allele","effect_allele","EAF","OR_fixed","StdError_fixed","Pvalue_fixed","L95_fixed","U95_fixed","phete.Q._Pvalue","I2","N_study","N_Cases","N_Controls","Effects","OR_random","StdError_random","Pvalue_random","L95_random","U95_random","beta"
"rs915416",1,34731984,"G","C",0.312262,1.031918,0.019124,0.1004030712,0.993955,1.07133,0.2296719869,27.332026561,6,12537,17285,"++++--",1.026281,0.024739,0.2943676357,0.977705,1.07727,0.0314192065381262
"rs61796569",1,66476437,"C","T",0.265069,0.968932,0.020139,0.1170736927,0.931432,1.007942,0.6121813552,0,6,12537,17285,"--+---",0.968932,0.020139,0.1170736927,0.931432,1.007942,-0.0315608449923786
"rs12567114",1,98527951,"G","A",0.275709,0.988324,0.019807,0.5532156866,0.95069,1.027447,0.1535580125,37.880158465,6,12537,17285,"--+++-",0.980801,0.028256,0.4926680838,0.927959,1.036651,-0.0117446997705997
"rs62120041",2,9185564,"T","C",0.065876,1.000489,0.035984,0.9891518544,0.932359,1.073599,0.3854316161,4.8724195927,6,12537,17285,"++---+",1.002212,0.037846,0.9534360199,0.930562,1.079379,0.000488880478462396
"rs374153",2,40382712,"T","C",0.156053,0.944074,0.024145,0.0171468316,0.900438,0.989825,0.5212740978,0,6,12537,17285,"-+--+-",0.944074,0.024145,0.0171468316,0.900438,0.989825,-0.0575507260784501
"rs75539574",2,58871658,"A","C",0.085009,0.998546,0.032763,0.9645824717,0.936441,1.06477,0.2604297704,23.094745167,6,12537,17285,"---++-",0.987012,0.040461,0.7466258724,0.911764,1.068472,-0.00145505808376018
"rs72804080",2,59358659,"A","G",0.151985,1.001589,0.02514,0.9496535441,0.953434,1.052176,0.0585501045,53.096416807,6,12537,17285,"+----+",0.997517,0.041766,0.9525251744,0.919113,1.082609,0.00158773887527477
"rs7556815",2,114085785,"G","A",0.226737,1.007163,0.02114,0.7356470407,0.966285,1.04977,0.7320764974,0,6,12537,17285,"+-+-++",1.007163,0.02114,0.7356470407,0.966285,1.04977,0.00713746756886668
"rs12611523",2,139195328,"A","G",0.450739,1.015119,0.017836,0.4001623648,0.980246,1.051233,0.8135739919,0,6,12537,17285,"+--+++",1.015119,0.017836,0.4001623648,0.980246,1.051233,0.0150058470008277
"rs4128364",2,147612734,"T","C",0.347873,0.993376,0.018517,0.7196683611,0.95797,1.030091,0.1252315404,41.992938889,6,12537,17285,"---+++",0.99681,0.027632,0.9079458322,0.944261,1.052283,-0.0066460360531169
"rs4538155",2,157040773,"T","C",0.351525,0.998635,0.018389,0.9408050888,0.963283,1.035285,0.000207272,79.25724841,6,12537,17285,"++-++-",1.012225,0.046194,0.792524866,0.924606,1.108146,-0.00136593246113618
"rs11885663",2,166944004,"C","T",0.25683,0.984869,0.020438,0.4556729378,0.946198,1.025121,0.7711386318,0,6,12537,17285,"+---+-",0.984869,0.020438,0.4556729378,0.946198,1.025121,-0.0152466415785151
"rs10173260",2,210377845,"C","T",0.391529,0.989199,0.018045,0.5473067279,0.954824,1.024812,0.3756229814,6.3958143067,6,12537,17285,"-+-+-+",0.98875,0.019185,0.5553819417,0.952261,1.026637,-0.0108597542533003
"rs112230981",3,55879269,"A","G",0.037667,1.006199,0.049438,0.9005288113,0.913276,1.108576,0.4272283584,0,6,12537,17285,"-+-++-",1.006199,0.049438,0.9005288113,0.913276,1.108576,0.00617986523638418
"rs7644809",3,107564459,"C","T",0.426255,0.98531,0.017815,0.4061384804,0.9515,1.020321,0.8624502997,0,6,12537,17285,"--+---",0.98531,0.017815,0.4061384804,0.9515,1.020321,-0.0147989665120717
"rs13088093",3,135838598,"T","G",0.329914,0.974231,0.018623,0.1609601313,0.939313,1.010448,0.000847076,76.073408843,6,12537,17285,"---+-+",0.957553,0.043666,0.3205488427,0.879011,1.043112,-0.0261068371346535
"rs7616632",3,137031237,"T","G",0.459808,0.986064,0.017632,0.4260753104,0.95257,1.020736,0.1138196078,43.713210603,6,12537,17285,"+-+--+",0.990733,0.02666,0.7269159195,0.940293,1.043878,-0.014034017763872
"rs2192528",4,18327896,"G","A",0.475811,0.987555,0.017935,0.4850315944,0.953444,1.022887,0.0996410117,45.923238954,6,12537,17285,"-+-+-+",0.989147,0.027835,0.6950171649,0.936629,1.044608,-0.0125230875553044
"rs17427571",4,82254908,"A","G",0.333645,1.015211,0.018804,0.422070812,0.978476,1.053326,0.9837685526,0,6,12537,17285,"++++--",1.015211,0.018804,0.422070812,0.978476,1.053326,0.015096472662728
"rs35531607",4,92533225,"T","C",0.463755,1.01631,0.017671,0.3599114791,0.981713,1.052127,0.1140086691,43.684327569,6,12537,17285,"+--+--",0.998571,0.026641,0.9571871215,0.947768,1.052097,0.0161784207274622
"rs13109404",4,102896591,"T","G",0.068969,1.025357,0.041662,0.5478167693,0.944957,1.112597,0.9822443658,0,6,12537,17285,"+-+++-",1.025357,0.041662,0.5478167693,0.944957,1.112597,0.0250408446334818
"rs365663",5,1428883,"A","G",0.478084,1.001583,0.018541,0.9320289882,0.965838,1.03865,0.4459380667,0,6,12537,17285,"-++---",1.001583,0.018541,0.9320289882,0.965838,1.03865,0.0015817483762061
"rs460692",5,3126584,"T","C",0.150827,0.97225,0.026031,0.2796484185,0.923889,1.023141,0.2913300899,18.7789916,6,12537,17285,"--+-+-",0.968591,0.031295,0.3078581226,0.910966,1.029862,-0.0281423059462804
"rs56372231",5,102321905,"C","T",0.329552,1.019712,0.01861,0.2942396919,0.983187,1.057593,0.5031008682,0,6,12537,17285,"+-++-+",1.019712,0.01861,0.2942396919,0.983187,1.057593,0.0195202344859066
"rs180769",5,135615615,"C","T",0.438447,0.937813,0.018373,0.0004747777,0.904643,0.972199,0.691089439,0,6,12537,17285,"------",0.937813,0.018373,0.0004747777,0.904643,0.972199,-0.0642047101919781
"rs11567976",5,137654218,"T","C",0.468838,0.96898,0.01775,0.0758509471,0.93585,1.003283,0.5974649491,0,6,12537,17285,"----++",0.96898,0.01775,0.0758509471,0.93585,1.003283,-0.0315113071392565
"rs151014368",5,176751059,"G","A",0.223783,0.969146,0.022089,0.155969741,0.928083,1.012027,0.3535820792,9.7469311692,6,12537,17285,"-++---",0.970212,0.024387,0.2149593292,0.924929,1.017712,-0.0313400076464414
"rs114614603",6,28584775,"A","G",0.240117,1.04465,0.020635,0.0342693243,1.003243,1.087765,0.610065551,0,6,12537,17285,"+++++-",1.04465,0.020635,0.0342693243,1.003243,1.087765,0.0436819010861229
"rs80193650",6,33464363,"A","G",0.163967,1.022673,0.023844,0.3470802135,0.975979,1.071601,0.750893291,0,6,12537,17285,"+++--+",1.022673,0.023844,0.3470802135,0.975979,1.071601,0.0224197877773065
"rs113113059",6,43160375,"T","C",0.211636,1.013331,0.021527,0.5384489333,0.971465,1.057001,0.082249119,48.783980396,6,12537,17285,"++--+-",1.014711,0.034135,0.6687855309,0.949044,1.084921,0.0132429241157906
"rs9382445",6,54937974,"T","C",0.358009,1.004127,0.0182,0.8209841156,0.968939,1.040593,0.4581289308,0,6,12537,17285,"+-++-+",1.004127,0.0182,0.8209841156,0.968939,1.040593,0.00411850729374739
"rs2231265",6,89790201,"G","A",0.223726,1.012483,0.02126,0.5595368215,0.971161,1.055564,0.9164958344,0,6,12537,17285,"--++++",1.012483,0.02126,0.5595368215,0.971161,1.055564,0.0124057297341447
"rs9345234",6,93162639,"C","A",0.44432,1.010687,0.017758,0.5494316833,0.976115,1.046483,0.3316394017,12.995309949,6,12537,17285,"-+-++-",1.008188,0.020086,0.6847360591,0.96927,1.048669,0.0106302976431457
"rs34731055",7,2106928,"C","T",0.230926,0.966423,0.022048,0.1213620258,0.92555,1.0091,0.1347671675,40.586910377,6,12537,17285,"----++",0.97488,0.033324,0.4452049578,0.913241,1.040679,-0.03415365241592
"rs2079070",7,114126432,"G","C",0.278779,0.965717,0.020244,0.0848430723,0.928151,1.004803,0.5409511268,0,6,12537,17285,"--+---",0.965717,0.020244,0.0848430723,0.928151,1.004803,-0.0348844483535028
"rs7806045",7,132610266,"T","C",0.236232,0.981136,0.020735,0.3583808676,0.942061,1.021831,0.5642440913,0,6,12537,17285,"-+-+--",0.981136,0.020735,0.3583808676,0.942061,1.021831,-0.0190441949786944
"rs330088",8,9149746,"C","T",0.474446,0.994393,0.01806,0.755532884,0.95981,1.030222,0.0374594358,57.669480526,6,12537,17285,"--++++",1.00044,0.032189,0.9891079778,0.939272,1.065591,-0.0056227782311688
"rs73219758",8,14279446,"G","A",0.284113,0.959214,0.019571,0.0333614358,0.923117,0.996723,0.5149548222,0,6,12537,17285,"+-----",0.959214,0.019571,0.0333614358,0.923117,0.996723,-0.0416410798790989
"rs10973207",9,37100525,"G","T",0.164328,0.987598,0.024945,0.6168710655,0.940474,1.037083,0.8665401341,0,6,12537,17285,"++---+",0.987598,0.024945,0.6168710655,0.940474,1.037083,-0.0124795466245443
"rs1776776",9,140497072,"T","C",0.14904,1.008436,0.025535,0.7421522565,0.959209,1.06019,0.8356722031,0,6,12537,17285,"++-++-",1.008436,0.025535,0.7421522565,0.959209,1.06019,0.00840061581339413
"rs12246842",10,21830580,"G","A",0.440189,1.020778,0.017981,0.2527428372,0.98543,1.057394,0.7091736136,0,6,12537,17285,"+++-++",1.020778,0.017981,0.2527428372,0.98543,1.057394,0.0205650816520087
"rs10761674",10,64618340,"T","C",0.482419,1.019643,0.017553,0.2677505735,0.985161,1.055332,0.6450712216,0,6,12537,17285,"-+++++",1.019643,0.017553,0.2677505735,0.985161,1.055332,0.0194525660318844
"rs11190970",10,103128332,"G","A",0.210699,1.003075,0.021743,0.8877104884,0.961226,1.046745,0.0792594623,49.297185489,6,12537,17285,"+-+-+-",1.004616,0.034866,0.8949037153,0.938259,1.075667,0.0030702818572182
"rs7915425",10,125016501,"C","T",0.197146,0.988702,0.022374,0.6115621173,0.946282,1.033023,0.8279784343,0,6,12537,17285,"+----+",0.988702,0.022374,0.6115621173,0.946282,1.033023,-0.011362307222797
"rs1517572",11,28829882,"C","A",0.418291,1.035341,0.018174,0.0560059562,0.99911,1.072886,0.1546625032,37.723202506,6,12537,17285,"-++++-",1.03328,0.025889,0.2060226884,0.982158,1.087064,0.0347308410535057
"rs4592416",11,43800474,"A","G",0.45756,0.962461,0.017699,0.0306299729,0.929647,0.996433,0.8388498647,0,6,12537,17285,"------",0.962461,0.017699,0.0306299729,0.929647,0.996433,-0.0382617331216536
"rs11602180",11,48162453,"C","T",0.171305,0.99545,0.023994,0.849260852,0.94972,1.043382,0.3922810372,3.7959122754,6,12537,17285,"+-+--+",0.996243,0.02496,0.8801451091,0.948679,1.046193,-0.0045603827563316
"rs174560",11,61581764,"T","C",0.298338,0.942885,0.019143,0.0021251754,0.908164,0.978934,0.0867605297,48.022660322,6,12537,17285,"+---++",0.948682,0.030288,0.0819677251,0.894004,1.006703,-0.0588109550048464
"rs12791153",11,80685181,"A","T",0.075284,1.077965,0.036657,0.040557784,1.003233,1.158263,0.584831653,0,6,12537,17285,"-+++--",1.077965,0.036657,0.040557784,1.003233,1.158263,0.0750750044272562
"rs1553132",11,88297740,"A","G",0.247079,0.960771,0.020224,0.0478458008,0.923432,0.99962,0.480885872,0,6,12537,17285,"-+----",0.960771,0.020224,0.0478458008,0.923432,0.99962,-0.0400191918525674
"rs1939455",11,101520886,"G","T",0.109413,0.981033,0.029712,0.5192619752,0.925535,1.039859,0.8133620161,0,6,12537,17285,"-++--+",0.981033,0.029712,0.5192619752,0.925535,1.039859,-0.0191491808388263
"rs7115226",11,113408518,"C","A",0.066314,1.012661,0.035837,0.7255271031,0.943973,1.086347,0.5265054078,0,6,12537,17285,"--++++",1.012661,0.035837,0.7255271031,0.943973,1.086347,0.0125815197031132
"rs1263056",11,116576415,"A","G",0.52197,0.990983,0.017636,0.6075167897,0.957313,1.025836,0.8368823958,0,6,12537,17285,"--+-+-",0.990983,0.017636,0.6075167897,0.957313,1.025836,-0.00905789918879289
"rs1057703",11,122830251,"T","G",0.151423,1.030546,0.024476,0.2189504798,0.982276,1.081189,0.7442922839,0,6,12537,17285,"+-++--",1.030546,0.024476,0.2189504798,0.982276,1.081189,0.0300887588770952
"rs34354917",12,38764559,"C","A",0.283959,1.000357,0.022912,0.9875816785,0.956428,1.046303,0.1723087174,35.239913933,6,12537,17285,"-+-++-",1.003601,0.032989,0.9132214235,0.940765,1.070635,0.000356936290662312
"rs11614986",12,110007939,"A","G",0.167722,0.98332,0.023427,0.4727341003,0.939191,1.029521,0.9575350754,0,6,12537,17285,"------",0.98332,0.023427,0.4727341003,0.939191,1.029521,-0.0168206777303436
"rs4767550",12,117951150,"A","G",0.403627,1.029693,0.01814,0.1067327243,0.993727,1.06696,0.0556308783,53.675953869,6,12537,17285,"++-++-",1.022186,0.030725,0.4751161805,0.962447,1.085633,0.0292606995609279
"rs6575005",14,26954078,"T","C",0.229227,0.996018,0.020789,0.8477986713,0.956251,1.037439,0.4541607835,0,6,12537,17285,"---+--",0.996018,0.020789,0.8477986713,0.956251,1.037439,-0.00398994927168408
"rs10483350",14,29816155,"A","G",0.20719,1.044287,0.022427,0.0533301253,0.999378,1.091213,0.8723465938,0,6,12537,17285,"++++-+",1.044287,0.022427,0.0533301253,0.999378,1.091213,0.0433343558957664
"rs61985058",14,60233841,"C","T",0.12557,0.973295,0.027818,0.3305257275,0.921649,1.027834,0.3440756508,11.16421521,6,12537,17285,"---+--",0.96826,0.030933,0.297082789,0.911301,1.02878,-0.027068056725116
"rs55658675",14,65554638,"C","T",0.338708,0.969457,0.018585,0.0951170568,0.934778,1.005422,0.4889261677,0,6,12537,17285,"--+--+",0.969457,0.018585,0.0951170568,0.934778,1.005422,-0.0310191580421975
"rs11621908",14,78495761,"C","T",0.086387,0.932215,0.032816,0.0324377756,0.874145,0.994143,0.1862886841,33.297516185,6,12537,17285,"++----",0.945173,0.045377,0.2140008946,0.864741,1.033086,-0.0701918042053512
"rs8038326",15,47989799,"A","G",0.28919,1.003465,0.019353,0.8581562584,0.966114,1.042259,0.8462429113,0,6,12537,17285,"+-+---",1.003465,0.019353,0.8581562584,0.966114,1.042259,0.00345901071875217
"rs3095508",16,6550400,"C","A",0.384438,0.992402,0.017987,0.6715559022,0.958026,1.028012,0.0572377394,53.355294722,6,12537,17285,"+---++",0.996839,0.030231,0.9165802082,0.939489,1.057689,-0.00762701185011718
"rs11643715",16,23909538,"C","G",0.289453,0.981125,0.019424,0.3265617629,0.944475,1.019196,0.245129585,25.207234569,6,12537,17285,"-++---",0.978571,0.024533,0.3772432852,0.932632,1.026773,-0.0190554065351593
"rs8050478",16,56120461,"A","G",0.513356,1.024037,0.017599,0.1771130919,0.989318,1.059975,0.561580716,0,6,12537,17285,"+--+++",1.024037,0.017599,0.1771130919,0.989318,1.059975,0.0237526587770418
"rs7503199",17,8134275,"C","T",0.261795,0.99156,0.020038,0.6722832203,0.953373,1.031276,0.3421195837,11.453900903,6,12537,17285,"+---++",0.990701,0.022369,0.6761848039,0.948205,1.035101,-0.00847581848104375
"rs205024",17,11227352,"C","T",0.40562,1.003707,0.017828,0.8355687323,0.969241,1.039399,0.1588620591,37.128228814,6,12537,17285,"--++--",0.99018,0.025261,0.6960414792,0.942348,1.040439,0.00370014600877462
"rs9903973",17,50571227,"T","C",0.461678,1.002295,0.017615,0.8964686598,0.96828,1.037504,0.0756247172,49.931343395,6,12537,17285,"+++-++",1.02487,0.028493,0.3885956037,0.969204,1.083733,0.00229237050985138
"rs12607679",18,53059748,"T","C",0.2551,1.048937,0.020123,0.0175845951,1.008372,1.091133,0.5236852979,0,6,12537,17285,"++++++",1.048937,0.020123,0.0175845951,1.008372,1.091133,0.0477772704133237
"rs2072727",20,43538733,"C","T",0.42752,1.004489,0.017754,0.8008505125,0.970135,1.040058,0.1153123669,43.48553642,6,12537,17285,"--+++-",0.99798,0.026732,0.9397075696,0.947038,1.051662,0.00447895449114031
